-- phpMyAdmin SQL Dump
-- version 4.0.10deb1
-- http://www.phpmyadmin.net
--
-- Host: localhost
-- Generation Time: Dec 09, 2015 at 03:52 PM
-- Server version: 5.5.46-0ubuntu0.14.04.2
-- PHP Version: 5.5.9-1ubuntu4.14

-- --------------------------------------------------------
-- 
-- Create DB without data in next tables: 
--    `access_keys`
--    `master`
--    `master2service`
--    `rate`
--    `request`
--    `request2master`
--    `request_history`
--    `request_status`
--    `session`
--    `user`
-- 
-- --------------------------------------------------------

SET SQL_MODE = "NO_AUTO_VALUE_ON_ZERO";
SET time_zone = "+00:00";

--
-- Database: `maysters`
--

DROP DATABASE IF EXISTS `maysters`;
CREATE DATABASE IF NOT EXISTS `maysters`;
USE `maysters`;

-- --------------------------------------------------------

--
-- Table structure for table `access_keys`
--

CREATE TABLE IF NOT EXISTS `access_keys` (
  `id` int(11) NOT NULL AUTO_INCREMENT,
  `user_id` int(20) NOT NULL DEFAULT '0',
  `request_id` int(11) NOT NULL DEFAULT '0',
  `when` int(20) NOT NULL DEFAULT '0',
  `token` varchar(255) NOT NULL DEFAULT '0',
  PRIMARY KEY (`id`),
  KEY `when` (`when`),
  KEY `token` (`token`),
  KEY `user_id` (`user_id`),
  KEY `request_id` (`request_id`)
) ENGINE=InnoDB DEFAULT CHARSET=utf8 AUTO_INCREMENT=4 ;

--
-- Dumping data for table `access_keys`
--

INSERT INTO `access_keys` (`id`, `user_id`, `when`, `token`) VALUES
(1, 1, 1449661717, '4d084d42584b7a5406619eea10e0f66c2cd6e429a48ec6054e7d308bdeff2e13'),
(2, 5, 1449668024, '04b4f3b021b4c786a2cce7b75ba91a7dc68f2aba53273f6ee2b5d13fa04d98ed'),
(3, 4, 1449668644, '652006dae62ac9113ed23c56361e40b9f5af3e2f088091d65f5561791f954d0a');

-- --------------------------------------------------------

--
-- Table structure for table `brand`
--

CREATE TABLE IF NOT EXISTS `brand` (
  `id` int(11) NOT NULL DEFAULT '0',
  `name` varchar(255) NOT NULL DEFAULT '',
  KEY `id` (`id`),
  KEY `name` (`name`)
) ENGINE=MyISAM DEFAULT CHARSET=utf8;

--
-- Dumping data for table `brand`
--

INSERT INTO `brand` (`id`, `name`) VALUES
(2, 'Samsung'),
(3, 'JVC'),
(4, 'LG'),
(5, 'Panasonic'),
(6, 'Philips'),
(7, 'Toshiba'),
(8, 'Sony'),
(10, 'Pioneer'),
(11, 'Daewoo'),
(12, 'Technics'),
(15, 'TDK'),
(16, 'Vogels'),
(17, 'Yamaha'),
(18, 'Siemens'),
(19, 'Rainford'),
(23, 'Whirlpool'),
(24, 'Ardo'),
(25, 'Bosch'),
(26, 'Electrolux'),
(27, 'Zanussi'),
(28, 'Moulinex'),
(29, 'Rowenta'),
(30, 'Tefal'),
(35, 'Elica'),
(37, 'Ariston'),
(39, 'Junkers'),
(40, 'Brandt'),
(41, 'Indesit'),
(45, 'Spectral'),
(47, 'Delonghi'),
(48, 'Braun'),
(51, 'Liebherr'),
(55, 'Golden Crown'),
(60, 'Sven'),
(61, 'Vax'),
(62, 'Scarlett'),
(64, 'Genius'),
(66, 'Thomson'),
(69, 'Binatone'),
(70, 'Thomas'),
(71, 'Kenwood'),
(74, 'Krups'),
(76, 'Sharp'),
(77, 'Vaillant'),
(78, 'Candy'),
(85, 'AEG'),
(86, 'Nord'),
(87, 'BBK'),
(89, 'Case Logic'),
(91, 'Faber'),
(93, 'Audio Pro'),
(94, 'Mission'),
(95, 'Jamo'),
(96, 'Teac'),
(97, 'Bandridge'),
(98, 'Infinity'),
(99, 'B&W'),
(100, 'Denon'),
(101, 'Ultralink'),
(103, 'Onkyo'),
(104, 'Harman/Kardon'),
(105, 'JBL'),
(107, 'Olympus'),
(111, 'Hama'),
(112, 'Duracell'),
(113, 'Verbatim'),
(114, 'Koss'),
(116, 'Fujifilm'),
(117, 'Kodak'),
(146, 'Brita'),
(147, 'Campingaz'),
(148, 'Henkel'),
(150, 'Karcher'),
(151, 'Leifheit'),
(153, 'Miele'),
(155, 'Simax'),
(158, 'Oehlbach'),
(159, 'Mb Quart'),
(161, 'Quadral'),
(165, 'Dali'),
(166, 'Rotel'),
(168, 'Crown'),
(170, 'Power Acoustik'),
(172, 'Energizer'),
(174, 'West'),
(177, 'Marantz'),
(181, 'Sennheiser'),
(187, 'GP'),
(188, 'Atlantic'),
(191, 'Casio'),
(197, 'Best'),
(198, 'Fox'),
(199, 'Jet Air'),
(201, 'Stinol'),
(202, 'Vestfrost'),
(204, 'Samsonite'),
(206, 'Hoover'),
(207, 'Xlo'),
(210, 'Tannoy'),
(211, 'Mordaunt-Short'),
(212, 'Canon'),
(213, 'Vanguard'),
(214, 'Clarion'),
(215, 'Snaige'),
(218, 'San Disk'),
(219, 'Wharfedale'),
(222, 'ARISTON MTS GROUP'),
(229, 'Qed'),
(230, 'Vdh'),
(233, 'NEC'),
(234, 'Kef'),
(237, 'Bello'),
(243, 'Broan'),
(244, 'Alcatel'),
(246, 'Vector'),
(247, 'Beko'),
(248, 'Apacer'),
(251, 'Tech+Link'),
(252, 'Magnat'),
(253, 'Gorenje'),
(260, 'Sunwave'),
(263, 'Peerless'),
(266, 'Novatech'),
(269, 'Termal'),
(270, 'Hertz'),
(274, 'Cambridge Audio'),
(278, 'Citizen'),
(279, 'And'),
(281, 'Instapure'),
(282, 'Барьер'),
(283, 'Бриз'),
(284, 'Hyundai'),
(286, 'Canton'),
(288, 'iRiver'),
(302, 'Clatronic'),
(304, 'Украина'),
(305, 'Digit'),
(306, 'Mac Audio'),
(307, 'EWT'),
(311, 'UFO'),
(313, 'Sonorous'),
(316, 'Alpine'),
(317, 'Prology'),
(318, 'Sound&Sound'),
(319, 'Cyfral'),
(321, 'Cata'),
(324, 'Demrad'),
(334, 'Monster Cable'),
(336, 'Rotex'),
(337, 'Matrix'),
(338, 'Electrum'),
(346, 'Newtone'),
(347, 'Texet'),
(348, 'Tprogress'),
(358, 'Beta'),
(361, 'Beurer'),
(363, 'Gemix'),
(364, 'EVG'),
(365, 'Rehva'),
(367, 'Arsenal'),
(368, 'Mini'),
(370, 'Davis Acoustics'),
(377, 'Nikon'),
(379, 'Kingston'),
(387, 'Norstone'),
(392, 'Blomberg'),
(393, 'Apogee'),
(398, 'TCL'),
(424, 'Johnlite'),
(425, 'Port Case'),
(426, 'Pentax'),
(429, 'Midea'),
(430, 'Emtec'),
(432, 'Transcend'),
(434, 'Venta'),
(435, 'Dynavoice'),
(443, 'Aygaz'),
(447, 'Bladelius'),
(448, 'Element'),
(452, 'Pyramida'),
(456, 'Atoll'),
(457, 'Varta'),
(459, 'Jeslck'),
(461, 'APC'),
(464, 'Wpro'),
(466, 'Nexon'),
(471, 'Elac'),
(472, 'Greta'),
(477, 'Deloni'),
(480, 'TCI'),
(492, 'Camelion'),
(496, 'B&D'),
(497, 'ModeCom'),
(498, 'Gembird'),
(499, 'Epson'),
(500, 'HP'),
(501, 'Lexmark'),
(502, 'Berghoff'),
(503, 'Canyon'),
(505, 'Microsoft'),
(506, 'Addison'),
(507, 'Rim2000'),
(511, 'Gvc'),
(512, 'Zyxel'),
(513, 'Avermedia'),
(514, 'A4tech'),
(515, 'Logitech'),
(516, 'Mitsumi'),
(517, 'Creative'),
(518, 'F&D'),
(525, 'Patriot'),
(527, 'Targus'),
(530, 'Acer'),
(531, 'Asus'),
(532, 'Acme'),
(546, 'Sony Ericsson'),
(548, 'Motorola'),
(549, 'Nokia'),
(553, 'Smart'),
(557, 'Clio'),
(559, 'D-Link'),
(560, 'Mustek'),
(564, 'Kyivstar'),
(565, 'Life'),
(566, 'МТС'),
(574, 'Энергия'),
(575, 'Delux'),
(578, 'Xerox'),
(579, 'Microlab'),
(583, 'Chicony'),
(592, 'Wanlima'),
(594, 'Sacher'),
(599, 'Континент'),
(600, 'Mitsubishi'),
(603, 'Viewcon'),
(604, 'Sumdex'),
(605, 'Compro'),
(609, 'Sanyo'),
(636, 'Наша Сила'),
(648, '4U'),
(651, 'Jet Tec'),
(671, 'Beholder'),
(672, 'Belinea'),
(673, 'Supra'),
(677, 'Aregs'),
(688, 'Cooler Master'),
(698, 'Gamma'),
(706, 'MT'),
(710, 'Brother'),
(712, 'Европа'),
(715, 'Inktec'),
(716, 'Lex'),
(720, 'Fujitsu Siemens'),
(725, 'Tucano'),
(730, 'Ixtone'),
(731, 'Dex'),
(733, 'X-Digital'),
(736, 'Corsair'),
(737, 'Goodram'),
(739, 'Lomond'),
(740, 'Pod Mishko'),
(741, 'Profiline'),
(743, 'Sitronics'),
(744, 'Trust'),
(745, 'BenQ'),
(747, 'Velbon'),
(748, 'Euroline'),
(751, 'Prestige'),
(752, 'Falcon'),
(754, 'Vitek'),
(756, 'C&H'),
(758, 'Ezetil'),
(761, 'Rubbermaid'),
(763, 'Eurogold'),
(764, 'Qtek'),
(765, 'Lowepro'),
(768, 'Digitop'),
(770, 'Reellex'),
(771, 'Proeco'),
(772, 'Round'),
(775, 'Apple'),
(777, 'Silver'),
(779, 'Термо'),
(781, 'Noirot'),
(784, 'Cloer'),
(786, 'Saturn'),
(787, 'Titanum'),
(790, 'Olmo'),
(791, 'Shockwave'),
(801, 'Dicota'),
(802, 'Belkin'),
(803, 'Burti'),
(804, 'Termobalt'),
(808, 'Диас'),
(809, 'Hi-Star'),
(810, 'Tekko'),
(814, 'Новогодько'),
(818, 'SKC'),
(819, 'Datex'),
(825, 'Ves'),
(826, 'Rio'),
(827, 'Matt'),
(829, 'Mystery'),
(830, 'АМИ'),
(831, 'Dell'),
(833, 'Cavei'),
(835, 'Maxell'),
(836, 'Assistant'),
(837, 'Bluespoon'),
(838, 'K-Trade'),
(839, 'Neo style'),
(844, 'Космос'),
(845, 'Ventolux'),
(846, 'Euroscreen'),
(848, 'COMMUS'),
(851, 'Утос'),
(852, 'Phantom'),
(855, 'Triton'),
(857, 'General Electric'),
(859, 'Garmin'),
(860, 'Crunch'),
(861, 'Idea'),
(862, 'Digital'),
(864, 'Sound Quest'),
(865, 'Stinger'),
(866, 'Chemistik'),
(867, 'Атлант'),
(868, 'Kicx'),
(869, 'Calearo'),
(870, 'Rondell'),
(871, 'Proview&Mag'),
(872, 'Термекс'),
(874, 'Навигатор'),
(875, 'MSI'),
(877, 'Epos'),
(878, 'Джерело'),
(879, 'Sg'),
(880, 'WD'),
(881, 'Celestion'),
(883, 'Jabra'),
(884, 'Kensington'),
(886, 'Challenger'),
(887, 'Riva'),
(891, 'Cameron'),
(893, 'Fly'),
(896, 'Ansmann'),
(897, 'Memorex'),
(898, 'Uni'),
(899, 'Smile'),
(900, 'Фрекен Бок'),
(901, 'Hotpoint-Ariston'),
(902, 'Targa'),
(904, 'Kosmos'),
(906, 'Mount Massive'),
(907, 'Seagate'),
(910, 'Skiper'),
(914, 'Autofun'),
(915, 'Astonish'),
(919, 'Neoblank'),
(920, 'Lascopy'),
(921, 'Techpoint'),
(922, 'Globalsat'),
(923, 'Jesocc'),
(924, 'Hamilex'),
(925, 'Ateca'),
(926, 'Версия-Системс'),
(928, 'HTC'),
(929, 'Turbo'),
(930, 'Denki'),
(934, 'Ariete'),
(938, 'GM'),
(947, 'Belsis'),
(949, 'Themor'),
(954, 'Acropolis'),
(955, 'Necvox'),
(960, 'Plaston'),
(961, 'Wolomin'),
(964, 'Anion'),
(967, 'Crumpler'),
(971, 'E-Ten'),
(980, 'Polaris'),
(984, 'Starmix'),
(987, 'Carrier'),
(991, 'Ixos'),
(997, 'Sigma'),
(1005, 'Bon Appetit'),
(1006, 'Atmor'),
(1007, 'Blanco'),
(1009, 'Monitor Audio'),
(1010, 'One for all'),
(1011, 'Audiovox'),
(1012, 'Soundmax'),
(1013, 'Belson'),
(1014, 'Ergo'),
(1017, 'Playseats'),
(1018, 'Velodyne'),
(1019, 'Mitac'),
(1020, 'Роса'),
(1021, 'Triniti'),
(1022, 'Lautsenn'),
(1025, 'Edifier'),
(1027, 'Fsp'),
(1028, 'Holux'),
(1029, 'Picpro'),
(1033, 'Viland'),
(1036, 'Gimi'),
(1038, 'Igreen'),
(1040, 'Jura'),
(1041, 'Acoustic Energy'),
(1042, 'Beeline'),
(1044, 'Easy Go'),
(1046, 'Orbit'),
(1047, 'Gear4'),
(1048, 'Muster'),
(1049, 'Janome'),
(1051, 'Lumene Screens'),
(1053, 'Atlas'),
(1054, 'Emi'),
(1055, 'Lenspen'),
(1062, 'Defender'),
(1064, 'Farenheit'),
(1065, 'Universal'),
(1066, 'Warner'),
(1067, 'Remington'),
(1068, 'Calgonit'),
(1069, 'Escada'),
(1070, 'Titan'),
(1072, 'Time eco'),
(1073, 'Mora'),
(1074, 'Madcatz'),
(1076, 'Massive'),
(1077, 'Install-Tech'),
(1079, 'Black&Decker'),
(1081, 'Wilson Benesch'),
(1082, 'Maestro'),
(1085, 'Dreamsat'),
(1086, 'Sky Fly'),
(1087, 'Mabo'),
(1088, 'Openbox'),
(1089, 'Neri Karra'),
(1090, 'Софтпром'),
(1091, 'Lbook'),
(1096, 'Powerbass'),
(1098, 'Signat'),
(1099, 'Utel'),
(1100, 'Юнилайт'),
(1101, 'Viasat'),
(1103, 'Star'),
(1104, 'Nintendo'),
(1105, 'Gaggia'),
(1106, 'Saeco'),
(1107, 'Spidem'),
(1108, 'Lessner'),
(1111, 'Fancy'),
(1112, 'Blaser'),
(1113, 'Наша вода'),
(1114, 'Ariel'),
(1115, 'Lenor'),
(1116, 'Skullcandy'),
(1117, 'Comfy'),
(1118, 'Открытка'),
(1119, 'LCD'),
(1120, 'MaxFaktor'),
(1123, 'TP-Link'),
(1130, 'Maxxtro'),
(1132, 'Ravanson'),
(1134, 'Continent'),
(1135, 'DAFI'),
(1136, 'Luminarc'),
(1137, 'Avec'),
(1138, 'Colorway'),
(1139, 'Plantronics'),
(1140, 'Diplomat Electric'),
(1141, 'Korting'),
(1143, 'Liberty'),
(1145, 'Xqisit Multi'),
(1146, 'LKT'),
(1147, 'Plast Team'),
(1148, 'Curver'),
(1149, 'SNB'),
(1150, 'MTM'),
(1151, 'York'),
(1153, 'Krusell'),
(1154, 'Sox'),
(1155, 'Sano'),
(1156, 'Avalache'),
(1157, 'Кемпинг'),
(1158, 'Asia'),
(1160, 'G-Cube'),
(1161, 'DeWALT'),
(1162, 'CarEx'),
(1163, 'Абсолют Мебель'),
(1165, 'FK'),
(1166, 'Hebe'),
(1167, 'SoundKing'),
(1168, 'BasicLine'),
(1169, 'Cort'),
(1170, 'Planet Waves'),
(1171, 'Maxtone'),
(1172, 'Framus'),
(1173, 'Hohner'),
(1174, 'PhilPro'),
(1175, 'Dunlop'),
(1176, 'Tommee Tippee'),
(1177, 'Chicco'),
(1178, 'Astra'),
(1179, 'Techsolo'),
(1180, 'Your Device!'),
(1181, 'Арт и Парти'),
(1182, 'Clean for Speed'),
(1188, 'Delfa'),
(1189, 'Melior'),
(1190, 'Black Horns'),
(1193, 'Herbalis'),
(1194, 'Лайт'),
(1195, 'Hori'),
(1196, 'Starway'),
(1197, 'BOSS Audio'),
(1199, 'Londa'),
(1200, 'Skil'),
(1201, 'Cobra'),
(1202, 'AT&MCO'),
(1203, 'Rock Stand'),
(1208, 'Nautilus'),
(1209, 'Ferroli'),
(1210, 'Danelectro'),
(1211, 'Lenovo'),
(1212, 'Elbee'),
(1213, 'Zeller'),
(1214, 'Kesper'),
(1215, 'Слон'),
(1216, 'Eza'),
(1217, 'Lilla & Rose'),
(1218, 'Cote dazur'),
(1220, 'Melitta'),
(1221, 'Hi-Ti'),
(1222, 'Ice Age 3'),
(1223, 'Audioquest'),
(1224, 'Farmus'),
(1225, 'iTeddy'),
(1226, 'Знаток'),
(1227, 'Startright'),
(1228, 'Dewberry'),
(1229, 'Laser Copy'),
(1230, 'Uni Light'),
(1232, 'Poverkhnost Plus'),
(1233, 'Golla'),
(1234, 'CEG'),
(1235, 'Lumix'),
(1236, 'Doberman'),
(1237, 'DEKKER'),
(1238, 'Storm'),
(1239, 'Decode'),
(1240, 'DiGi'),
(1241, 'Редбокс'),
(1242, 'Formula1'),
(1243, 'STP'),
(1244, 'Ombra'),
(1245, 'Powerjet'),
(1246, 'Luxell'),
(1247, 'Азбука'),
(1248, 'Grol'),
(1249, 'Pyrex'),
(1251, 'Miracle'),
(1252, 'Plus'),
(1253, 'Jees'),
(1254, 'Mingtai'),
(1256, 'Grand'),
(1257, 'VTech'),
(1258, 'Dyson'),
(1259, 'Energy'),
(1260, 'Pure AV'),
(1261, 'Felicita'),
(1262, 'SBM'),
(1263, 'Ballu'),
(1264, 'Deluxe Line'),
(1265, 'Physix'),
(1266, 'Купава'),
(1267, 'Viconte'),
(1269, 'Vigor'),
(1270, 'Mallory'),
(1271, 'Real Cable'),
(1272, 'Logic3'),
(1273, 'Zelmer'),
(1275, 'Artico'),
(1276, 'DISCGEAR SELECTOR'),
(1277, 'Бабл-Айс'),
(1278, 'Lexar'),
(1279, 'Curtis'),
(1280, 'Green Pan'),
(1281, 'Molife'),
(1282, 'AVZone'),
(1283, 'Datamax'),
(1284, 'CyberBlue'),
(1285, 'JSL'),
(1286, 'Water King'),
(1287, 'Picola'),
(1288, 'New Fashion'),
(1289, 'Disney'),
(1291, 'B-Speech'),
(1296, 'DBF Creative'),
(1297, 'iTECH'),
(1298, 'Singer'),
(1299, 'Verloni'),
(1300, 'Shuttle'),
(1301, 'Logan'),
(1302, 'Dragster'),
(1303, 'Perfezza'),
(1304, 'Karona'),
(1305, 'ProfiMed'),
(1306, 'Qew'),
(1307, 'Korsa'),
(1310, 'Garnier'),
(1311, 'Profigold'),
(1312, 'Packard Bell'),
(1313, 'THTF'),
(1314, 'Estrada'),
(1315, 'Profycool'),
(1316, 'Thrustmaster'),
(1317, 'Malongo'),
(1318, 'MYtv'),
(1319, 'REL Acoustics'),
(1320, 'HPC'),
(1321, 'ProLink'),
(1322, 'Del Duca'),
(1323, 'Libbey'),
(1324, 'Ballarini'),
(1325, 'Papilla'),
(1326, 'Konica Minolta'),
(1327, 'Bellissima'),
(1328, 'GoClever'),
(1329, 'Garanterm (ATT)'),
(1330, 'Etalon'),
(1331, 'Junior'),
(1332, 'Razer'),
(1333, 'SteelSeries'),
(1334, 'Olimpia'),
(1335, 'Pure Acoustics'),
(1336, 'Cosmo Sat'),
(1337, 'Вариант'),
(1338, 'Atlona'),
(1339, 'AUX'),
(1340, 'i-Tech'),
(1341, 'PocketBook'),
(1342, 'TravelSim'),
(1343, 'GlobalSim'),
(1344, 'Fischer Audio'),
(1345, 'ECO'),
(1346, 'Nestle'),
(1347, 'Disney WonderFeel'),
(1348, 'Green&Clean'),
(1349, 'Freshtel'),
(1350, 'ALR'),
(1351, 'Skyon'),
(1352, 'Magneo'),
(1354, 'Navon'),
(1355, '1С Мультимедиа'),
(1356, 'Hollywood'),
(1357, 'Солнышко'),
(1359, 'Elite'),
(1360, 'Honda'),
(1361, 'Supermax'),
(1362, 'Экономка'),
(1363, 'Maxwell'),
(1364, 'Fadel Art'),
(1365, 'Hardity'),
(1366, 'Харьков'),
(1367, 'Iditalian'),
(1368, 'Билайн'),
(3001, '20 ВЕК ФОКС'),
(3002, 'МЦ'),
(3003, 'АРТ-СИНЕМА'),
(3004, 'АСТРА'),
(3005, 'ВСУ'),
(3006, 'СВ'),
(3007, 'COMP'),
(3008, 'MOON'),
(3009, 'ЛУКСОР'),
(3010, 'НОВЫЙ ДИСК'),
(3011, 'ПАРК КИНО'),
(3012, 'УМС'),
(3013, 'ВИККОН'),
(3014, 'КРУПНЫЙ ПЛАН'),
(9999, 'Villa'),
(10000, 'CDMA'),
(10001, 'Cideko'),
(10002, 'DESO'),
(10004, 'DESO'),
(10005, 'GioStyle'),
(10006, 'Wexler'),
(10007, 'MINERVA'),
(10008, 'НМК'),
(10009, 'MOREL'),
(10010, 'JANOME'),
(10011, 'Бой'),
(10012, 'del'),
(10013, 'Красный дракон'),
(10014, 'Красный дракон'),
(10015, 'ST'),
(10016, 'Silicon Power'),
(10017, 'Pleomax'),
(10018, 'LARETTI'),
(10019, 'X-BOX'),
(10020, 'HILTON'),
(10021, 'Dekker'),
(10022, 'Корнекс'),
(10023, 'ILLY'),
(10024, 'CD Маркет'),
(10025, 'Archos'),
(10026, 'Prestigio'),
(10027, 'Organics'),
(10028, 'Viewsonic'),
(10030, 'Omega'),
(10031, 'Capdase'),
(10032, 'Firtech'),
(10033, 'Toyota'),
(10034, 'Tassimo'),
(10035, 'Melkco'),
(10036, 'Ozaki'),
(10037, 'SGP'),
(10038, 'Бруно'),
(10039, 'Step by step'),
(10040, 'Bigben'),
(10041, 'Dexim'),
(10042, 'PQI'),
(10043, 'ТарЛев'),
(10044, 'Imetek'),
(10046, 'Hightec'),
(10047, 'Cliptec'),
(10048, 'Projecta'),
(10049, 'Cellular Line'),
(10050, 'Jaguar'),
(10051, '3Q'),
(10052, 'Leica'),
(10053, 'Edimax'),
(10054, 'VIVANCO'),
(10055, 'MIRTA'),
(10056, 'ОМИС'),
(10057, 'C&M'),
(10058, 'M&J'),
(10059, 'Divoom'),
(10061, 'AKG'),
(10062, 'KONOOS'),
(10063, 'Bork'),
(10064, 'DataFlash'),
(10065, 'EnerGenie'),
(10066, 'Black Brier'),
(10067, 'Powercom'),
(10068, 'Maxus'),
(10069, 'Искра'),
(10070, 'Premiera'),
(10071, 'Vortex'),
(10073, 'iconBIT'),
(10074, 'Tuncmatik'),
(10075, 'Legrand'),
(10076, 'Fujitsu'),
(10077, 'Blaupunkt'),
(10078, 'EMT'),
(10079, 'Monster'),
(10080, 'Nivona'),
(10081, 'Swizer'),
(10082, 'Зил'),
(10083, 'Аквафор'),
(10084, 'Strong'),
(10085, 'Trimax'),
(10086, 'Termos'),
(10087, 'Forester'),
(10088, 'Russell Hobbs'),
(10089, 'Cyborg'),
(10090, 'Matin'),
(10091, 'Tramontina'),
(10092, 'Taga Harmony'),
(10093, 'Brilliant'),
(10094, 'QUBA'),
(10095, 'PHOTOFAST'),
(10096, 'SB'),
(10098, 'JAN'),
(10099, 'Альфастрахование'),
(10101, 'Red Point'),
(10102, 'Wire Logic'),
(10103, 'rapoo'),
(10104, 'Технобум'),
(10105, 'AGAiT'),
(10106, 'Margon'),
(10107, 'SNOWPEAK'),
(10108, 'Gigaset'),
(10109, 'Квант-Эфир'),
(10111, 'Neotion'),
(10112, 'Puro'),
(10113, 'Kaiser'),
(10114, 'Pensofal'),
(10115, 'Green Life'),
(10117, 'Magistr'),
(10118, 'Amazon'),
(10119, 'DOLONI'),
(10120, 'Globex'),
(10121, 'Bags-Art'),
(10122, 'Menalux'),
(10123, 'PODMЫSHKU'),
(10124, 'Svetocopy'),
(10125, 'Enot'),
(10126, 'Falmec'),
(10127, 'Drobak'),
(10128, 'Tenda'),
(10129, 'Cresyn'),
(10130, 'LAZER'),
(10131, 'DOMO'),
(10132, 'Compass'),
(10133, 'ABBYY'),
(10134, 'People Net'),
(10135, 'Promt'),
(10136, 'Corel'),
(10137, 'Parallels'),
(10138, 'TuneUP'),
(10139, 'Dr.Web'),
(10140, 'Касперский'),
(10141, 'Norton'),
(10142, 'ESET'),
(10143, 'avast!'),
(10144, 'Outpost'),
(10145, 'Stealth'),
(10146, 'ParkCity'),
(10147, 'GMMO'),
(10148, 'Oregon'),
(10149, 'Ea2'),
(10150, 'Breesal'),
(10151, 'Brabantia'),
(10152, 'Gigabyte'),
(10153, 'Schulthess'),
(10154, 'de Buyer'),
(10155, 'Эталон-С'),
(10156, 'Redmond'),
(10157, 'Optoma'),
(10158, 'Parrot'),
(10159, 'Artville'),
(10160, 'TuffLuv'),
(10161, 'Hitachi'),
(10162, 'Ultra Cable'),
(10163, 'ПРОПУС'),
(10164, 'GPT'),
(10165, 'Monster'),
(10166, 'Bowers&Wilkins'),
(10167, 'Senkatel'),
(10168, 'Barebones'),
(10169, 'Pantum'),
(10170, 'Huawei'),
(10171, 'Iomega'),
(10172, 'Majesty'),
(10173, 'AOC'),
(10174, 'Brateck'),
(10175, 'Ricoh'),
(10176, 'Impression'),
(10177, 'Essence'),
(10178, 'Krauff'),
(10179, 'Hansa'),
(10180, 'Captain'),
(10181, 'Mio'),
(10182, 'Vetti'),
(10183, 'JOBY'),
(10184, 'Eaton'),
(10185, 'Beats                    '),
(10186, 'Caterpillar'),
(10187, 'itSkins'),
(10188, 'White Diamonds'),
(10189, 'Marc Jacobs'),
(10190, 'Vivienne Westwood'),
(10191, 'Graffiti'),
(10192, 'Kate Spade'),
(10193, 'Apptoyz'),
(10194, 'Speedlink'),
(10195, 'Armaggeddon'),
(10196, 'Vanish'),
(10197, 'Rock'),
(10198, 'i-Carer'),
(10199, 'Aston Martin'),
(10200, 'Bamix'),
(10201, 'Cuisinart'),
(10202, 'Graef'),
(10203, 'MyScreen'),
(10204, 'Nillkin'),
(10205, 'Gazer'),
(10207, 'BlackBerry'),
(10208, 'Thule'),
(10209, 'СВОД-АС'),
(10211, 'ITECHmount'),
(10212, 'KymLux'),
(10213, 'Romsat'),
(10214, 'LUXURY'),
(10215, 'A-DATA'),
(10216, 'Maxi Shield'),
(10217, 'Valera'),
(10218, 'Darina'),
(10219, 'Flama'),
(10220, 'Tedelex'),
(10221, 'Gefest'),
(10222, 'Walfix'),
(10223, 'IQ'),
(10224, 'Rein'),
(10225, 'Thermos'),
(10226, 'BRANQ'),
(10227, 'PLASTIMIR'),
(10228, 'VOIA'),
(10229, 'Воля'),
(10230, 'EasyLink'),
(10231, 'Global'),
(10232, 'KANAT'),
(10233, 'Procase'),
(10234, 'MAGIC SAVER BAG'),
(10235, 'Qumo'),
(10236, 'Port Designs'),
(10237, 'Помічниця'),
(10238, 'Журавинка'),
(10239, 'Ветерок'),
(10240, 'Момент'),
(10241, 'Netis'),
(10242, 'ODOYO'),
(10243, 'Babyliss'),
(10244, 'D-LEX'),
(10245, 'Zalman'),
(10246, 'ADPO'),
(10247, 'Winstars                 '),
(10248, 'KONKA'),
(10249, 'Avatti'),
(10250, 'Golf'),
(10251, 'Aspiring'),
(10252, 'Apparat'),
(10254, 'Jeka'),
(10255, 'Aura'),
(10256, 'AEE'),
(10257, 'Liquid Image'),
(10258, 'Berga Speed'),
(10259, 'Jaybird                  '),
(10260, 'Днепр'),
(10261, 'Robitron'),
(10262, 'Tesla'),
(10263, 'Boynq'),
(10264, 'Technova'),
(10265, 'Dietz'),
(10266, 'Elite Line'),
(10267, 'T''nB'),
(10268, 'Otek'),
(10269, 'Domovent'),
(10270, 'Cosonic'),
(10271, 'Bugeltisch'),
(10272, 'Nash'),
(10273, 'No Name'),
(10274, 'Alrelec'),
(10275, 'Sensei'),
(10276, 'Tecro'),
(10277, 'Omb'),
(10278, 'Vimar'),
(10279, 'ShoMe'),
(10280, 'Bags Art'),
(10281, 'Akai'),
(10282, 'Digital'),
(10283, 'Start'),
(10284, 'Primo'),
(10285, 'Opus'),
(10286, 'Orion'),
(10287, 'Data Flash'),
(10288, 'MasterHouse'),
(10289, 'Chaika'),
(10290, 'Martex'),
(10291, 'Regent'),
(10292, 'Nomi'),
(10293, 'STADLER FORM'),
(10294, 'Utty'),
(10295, 'Qub'),
(10296, 'Master House'),
(10297, 'Scosche'),
(10298, 'Screen Guard'),
(10299, 'Major'),
(10300, 'SELPAK'),
(10301, 'Tesy'),
(10302, 'Kovea'),
(10303, 'AUZER'),
(10304, 'Pixus'),
(10307, 'Macally'),
(10308, 'Canrey'),
(10309, 'Ultimate Ears'),
(10310, 'COMMUS'),
(10311, 'Термія'),
(10312, 'Феникс'),
(10313, 'ArtHouse'),
(10314, 'Мой офис'),
(10315, 'Probass                  '),
(10316, 'Marshall'),
(10319, 'BIC'),
(10320, 'ІЕК'),
(10322, 'Henca'),
(10323, 'Дорошенко'),
(10324, 'Candle'),
(10325, 'Ал-Пластик'),
(10326, 'Arcuisine'),
(10327, 'EGE'),
(10328, 'Crucial Micron'),
(10329, 'AMD                      '),
(10330, 'Intel'),
(10332, 'Kuboq'),
(10333, 'Mario'),
(10334, 'ЛАРИС'),
(10335, 'Биол'),
(10336, 'Case-Mate'),
(10338, 'CG Mobile'),
(10339, 'Griffin'),
(10341, 'Innerexile'),
(10342, 'Jison Case'),
(10343, 'Mannwood'),
(10344, 'More.'),
(10345, 'Moshi'),
(10346, 'Skech'),
(10347, 'Spigen'),
(10348, 'Tavik'),
(10349, 'Cablexpert'),
(10350, 'Optitext'),
(10352, 'IEK'),
(10353, 'Digitus'),
(10354, 'Piko'),
(10355, 'Eagle'),
(10356, 'BIOLUX'),
(10357, 'Cogito'),
(10358, 'RivaCase'),
(10359, 'Icon'),
(10360, 'Maxco'),
(10361, 'Happy Plug'),
(10362, 'Frends'),
(10363, 'Office4you'),
(10364, 'LAUT'),
(10365, 'Just'),
(10366, 'JISONCASE'),
(10367, 'Konus'),
(10368, 'ITERNA'),
(10369, 'Wacom'),
(10370, 'MyKronoz'),
(10371, 'Home4you'),
(10372, 'UFT'),
(10373, 'Coleman'),
(10374, 'Thermo'),
(10375, 'I-mee'),
(10376, 'Divan.TV'),
(10377, 'Xiaomi'),
(10378, 'Garden4you'),
(10379, 'FreeJump'),
(10380, 'Kenko'),
(10381, 'Pinnacle'),
(10382, 'Igloo'),
(10383, 'Mega'),
(10384, 'Snips'),
(10385, 'Силумин'),
(10386, 'Технари'),
(10387, 'Экопал'),
(10388, 'Helfer'),
(10389, 'Примтекс Плюс'),
(10390, 'Whistler'),
(10391, 'Delimano'),
(10392, 'Новый Стиль'),
(10393, 'Новый Стиль'),
(10395, 'Zyxel'),
(10396, 'ASRock'),
(10397, 'Chieftec'),
(10398, 'Cisco'),
(10399, 'Foxconn'),
(10400, 'Hisense'),
(10401, 'IBM'),
(10402, 'Palit'),
(10403, 'PNY'),
(10404, 'PowerColor'),
(10405, 'Sapphire'),
(10406, 'Thermaltake'),
(10407, 'XFX'),
(10408, 'JAZZway'),
(10409, 'ФАZА'),
(10410, 'JCB'),
(10411, 'FixiTime'),
(10412, 'Giottos'),
(10413, 'Sencor'),
(10414, 'Explay'),
(10415, 'GOLDEN POWER'),
(10416, 'Team'),
(10417, 'Upixel'),
(10418, 'Modecom'),
(10419, 'BRAVIS'),
(10420, 'Chief'),
(10421, 'Nous'),
(10422, 'Winsis'),
(10423, 'Foxline'),
(10424, 'Мотылек'),
(10425, 'Micron'),
(10426, 'Medisana'),
(10428, 'Sigma mobile'),
(10429, '3M'),
(10430, 'Adobe'),
(10431, 'Aftron'),
(10432, 'Applimo'),
(10433, 'Avaya'),
(10434, 'Contex'),
(10435, 'DTBG'),
(10436, 'Fortinet'),
(10437, 'Just Mobile'),
(10438, 'LDK'),
(10439, 'Lensbaby'),
(10440, 'Luminous'),
(10441, 'MacLocks'),
(10442, 'Oracle'),
(10443, 'Schneider Electric'),
(10444, 'Symantec'),
(10445, 'UAG'),
(10446, 'Universo'),
(10447, 'Vision'),
(10448, 'Zpas'),
(10449, 'Milestone'),
(10450, 'Mars'),
(10451, 'SAVITEL'),
(10452, 'FunDesk'),
(10453, 'LaPLAYA'),
(10454, 'Keneksi'),
(10455, 'AMF'),
(10456, 'SCHOLL'),
(10457, 'Теплокерамик'),
(10458, 'EFBA'),
(10459, 'Kit'),
(10460, 'Arvid Nordquist'),
(10461, 'Intelite'),
(10462, 'PetCube'),
(10463, 'Decoded'),
(10464, 'Coolpad'),
(10465, 'Audio-Technica'),
(10466, 'FIIO'),
(10467, 'SoundMagic'),
(10468, 'Xilence'),
(10469, 'The House of Marley'),
(10470, 'Magio'),
(10471, 'Torch'),
(10472, 'Fresh'),
(10473, 'Miracase'),
(10474, 'Elari'),
(10475, 'Finlux'),
(10477, 'ETI'),
(10478, 'G&G'),
(10479, 'Barocook');

-- --------------------------------------------------------

--
-- Table structure for table `city`
--

CREATE TABLE IF NOT EXISTS `city` (
  `id` int(11) NOT NULL AUTO_INCREMENT,
  `name` varchar(255) NOT NULL,
  `state_id` int(11) NOT NULL DEFAULT '0',
  KEY `id` (`id`),
  KEY `state_id` (`state_id`)
) ENGINE=InnoDB  DEFAULT CHARSET=utf8 COMMENT='Города с привязкой к областям' AUTO_INCREMENT=414 ;

--
-- Dumping data for table `city`
--

INSERT INTO `city` (`id`, `name`, `state_id`) VALUES
(1, 'Авдеевка', 4),
(2, 'Александрия', 11),
(3, 'Александровск', 12),
(4, 'Алмазная', 12),
(5, 'Алупка', 28),
(6, 'Алушта', 28),
(7, 'Алчевск', 12),
(8, 'Ананьев', 16),
(9, 'Андрушёвка', 6),
(10, 'Антрацит', 12),
(11, 'Апостолово', 3),
(12, 'Армянск', 28),
(13, 'Артёмовск', 4),
(14, 'Артёмовск', 12),
(15, 'Арциз', 16),
(16, 'Ахтырка', 19),
(17, 'Балаклея', 21),
(18, 'Балта', 16),
(19, 'Бар', 1),
(20, 'Барановка', 6),
(21, 'Барвенково', 21),
(22, 'Бахмач', 26),
(23, 'Бахчисарай', 28),
(24, 'Баштанка', 15),
(25, 'Белая Церковь', 10),
(26, 'Белгород-Днестровский', 16),
(27, 'Белз', 14),
(28, 'Белогорск', 28),
(29, 'Белополье', 19),
(30, 'Беляевка', 16),
(31, 'Бердичев', 6),
(32, 'Бердянск', 8),
(33, 'Берегово', 7),
(34, 'Бережаны', 20),
(35, 'Березань', 10),
(36, 'Березне', 18),
(37, 'Берестечко', 2),
(38, 'Берислав', 22),
(39, 'Бершадь', 1),
(40, 'Бобринец', 11),
(41, 'Бобрка', 14),
(42, 'Бобровица', 26),
(43, 'Богодухов', 21),
(44, 'Богуслав', 10),
(45, 'Болград', 16),
(46, 'Болехов', 9),
(47, 'Борзна', 26),
(48, 'Борислав', 14),
(49, 'Борисполь', 10),
(50, 'Борщёв', 20),
(51, 'Боярка', 10),
(52, 'Бровары', 10),
(53, 'Броды', 14),
(54, 'Брянка', 12),
(55, 'Бурштын', 9),
(56, 'Бурынь', 19),
(57, 'Буск', 14),
(58, 'Буча', 10),
(59, 'Бучач', 20),
(60, 'Валки', 21),
(61, 'Васильевка', 8),
(62, 'Васильков', 10),
(63, 'Ватутино', 25),
(64, 'Вахрушево', 12),
(65, 'Вашковцы', 27),
(66, 'Великие Мосты', 14),
(67, 'Великий Бурлук', 21),
(68, 'Верхнеднепровск', 3),
(69, 'Вижница', 27),
(70, 'Винница', 1),
(71, 'Виноградов', 7),
(72, 'Вишнёвое', 10),
(73, 'Владимир-Волынский', 2),
(74, 'Вознесенск', 15),
(75, 'Волноваха', 4),
(76, 'Волочиск', 24),
(77, 'Волчанск', 21),
(78, 'Вольногорск', 3),
(79, 'Вольнянск', 8),
(80, 'Вышгород', 10),
(81, 'Гадяч', 17),
(82, 'Гайворон', 11),
(83, 'Гайсин', 1),
(84, 'Галич', 9),
(85, 'Геническ', 22),
(86, 'Герца', 27),
(87, 'Глиняны', 14),
(88, 'Глобино', 17),
(89, 'Глухов', 19),
(90, 'Голая Пристань', 22),
(91, 'Горловка', 4),
(92, 'Горное', 12),
(93, 'Городенка', 9),
(94, 'Городище', 25),
(95, 'Городня', 26),
(96, 'Городок', 14),
(97, 'Городок', 24),
(98, 'Горохов', 2),
(99, 'Гребёнка', 17),
(100, 'Гуляйполе', 8),
(101, 'Дебальцево', 4),
(102, 'Деражня', 24),
(103, 'Дергачи', 21),
(104, 'Десна', 26),
(105, 'Джанкой', 28),
(106, 'Дзержинск', 4),
(107, 'Димитров', 4),
(108, 'Днепродзержинск', 3),
(109, 'Днепропетровск', 3),
(110, 'Днепрорудное', 8),
(111, 'Добромиль', 14),
(112, 'Доброполье', 4),
(113, 'Докучаевск', 4),
(114, 'Долина', 9),
(115, 'Долинская', 11),
(116, 'Донецк', 4),
(117, 'Дрогобыч', 14),
(118, 'Дружковка', 4),
(119, 'Дубляны', 14),
(120, 'Дубно', 18),
(121, 'Дубровица', 18),
(122, 'Дунаевцы', 24),
(123, 'Евпатория', 28),
(124, 'Енакиево', 4),
(125, 'Жашков', 25),
(126, 'Ждановка', 4),
(127, 'Жёлтые Воды', 3),
(128, 'Жидачов', 14),
(129, 'Житомир', 6),
(130, 'Жмеринка', 1),
(131, 'Жолква', 14),
(132, 'Залещики', 20),
(133, 'Запорожье', 8),
(134, 'Заставна', 27),
(135, 'Збараж', 20),
(136, 'Зборов', 20),
(137, 'Звенигородка', 25),
(138, 'Здолбунов', 18),
(139, 'Зеньков', 17),
(140, 'Зимогорье', 12),
(141, 'Змиёв', 21),
(142, 'Знаменка', 11),
(143, 'Золотое', 12),
(144, 'Золотоноша', 25),
(145, 'Золочев', 14),
(146, 'Зоринск', 12),
(147, 'Зугрэс', 4),
(148, 'Ивано-Франковск', 9),
(149, 'Измаил', 16),
(150, 'Изюм', 21),
(151, 'Изяслав', 24),
(152, 'Ильичёвск', 16),
(153, 'Ирпень', 10),
(154, 'Иршава', 7),
(155, 'Ичня', 26),
(156, 'Кагарлык', 10),
(157, 'Казатин', 1),
(158, 'Калиновка', 1),
(159, 'Калуш', 9),
(160, 'Каменец-Подольский', 24),
(161, 'Каменка', 25),
(162, 'Каменка-Бугская', 14),
(163, 'Каменка-Днепровская', 8),
(164, 'Камень-Каширский', 2),
(165, 'Канев', 25),
(166, 'Карловка', 17),
(167, 'Каховка', 22),
(168, 'Керчь', 28),
(169, 'Киверцы', 2),
(170, 'Киев', 10),
(171, 'Килия', 16),
(172, 'Кировоград', 11),
(173, 'Кировское', 4),
(174, 'Кицмань', 27),
(175, 'Кобеляки', 17),
(176, 'Ковель', 2),
(177, 'Кодыма', 16),
(178, 'Коломыя', 9),
(179, 'Комсомольск', 17),
(180, 'Конотоп', 19),
(181, 'Константиновка', 4),
(182, 'Корец', 18),
(183, 'Коростень', 6),
(184, 'Коростышев', 6),
(185, 'Корсунь-Шевченковский', 25),
(186, 'Корюковка', 26),
(187, 'Косов', 9),
(188, 'Костополь', 18),
(189, 'Котовск', 16),
(190, 'Краматорск', 4),
(191, 'Красилов', 24),
(192, 'Красноармейск', 4),
(193, 'Красноград', 21),
(194, 'Краснодон', 12),
(195, 'Краснопартизанск', 12),
(196, 'Красноперекопск', 28),
(197, 'Красный Лиман', 4),
(198, 'Красный Луч', 12),
(199, 'Кременец', 20),
(200, 'Кременчуг', 17),
(201, 'Кривой Рог', 3),
(202, 'Кролевец', 19),
(203, 'Кузнецовск', 18),
(204, 'Купянск', 21),
(205, 'Ладыжин', 1),
(206, 'Лановцы', 20),
(207, 'Лебедин', 19),
(208, 'Лисичанск', 12),
(209, 'Лозовая', 21),
(210, 'Лохвица', 17),
(211, 'Лубны', 17),
(212, 'Луганск', 12),
(213, 'Лутугино', 12),
(214, 'Луцк', 2),
(215, 'Львов', 14),
(216, 'Любомль', 2),
(217, 'Люботин', 21),
(218, 'Майорск', 4),
(219, 'Макеевка', 4),
(220, 'Малая Виска', 11),
(221, 'Малин', 6),
(222, 'Марганец', 3),
(223, 'Мариуполь', 4),
(224, 'Мелитополь', 8),
(225, 'Мена', 26),
(226, 'Мерефа', 21),
(227, 'Миргород', 17),
(228, 'Мироновка', 10),
(229, 'Миусинск', 12),
(230, 'Могилёв-Подольский', 1),
(231, 'Молодогвардейск', 12),
(232, 'Молочанск', 8),
(233, 'Монастыриска', 20),
(234, 'Монастырище', 25),
(235, 'Мостиска', 14),
(236, 'Мукачево', 7),
(237, 'Надворная', 9),
(238, 'Нежин', 26),
(239, 'Немиров', 1),
(240, 'Нетешин', 24),
(241, 'Николаев', 14),
(242, 'Николаев', 15),
(243, 'Никополь', 3),
(244, 'Новая Каховка', 22),
(245, 'Новая Одесса', 15),
(246, 'Новгород-Северский', 26),
(247, 'Нововолынск', 2),
(248, 'Новоград-Волынский', 6),
(249, 'Новогродовка', 4),
(250, 'Новоднестровск', 27),
(251, 'Новодружеск', 12),
(252, 'Новомиргород', 11),
(253, 'Новомосковск', 3),
(254, 'Новопсков', 12),
(255, 'Новоселица', 27),
(256, 'Новоукраинка', 11),
(257, 'Новый Буг', 15),
(258, 'Новый Роздол', 14),
(259, 'Носовка', 26),
(260, 'Обухов', 10),
(261, 'Овруч', 6),
(262, 'Одесса', 16),
(263, 'Орджоникидзе', 3),
(264, 'Орехов', 8),
(265, 'Острог', 18),
(266, 'Очаков', 15),
(267, 'Павлоград', 3),
(268, 'Первомайск', 12),
(269, 'Первомайск', 15),
(270, 'Первомайский', 21),
(271, 'Перевальск', 12),
(272, 'Перемышляны', 14),
(273, 'Перечин', 7),
(274, 'Перещепино', 3),
(275, 'Переяслав-Хмельницкий', 10),
(276, 'Першотравенск', 3),
(277, 'Петровское', 12),
(278, 'Пирятин', 17),
(279, 'Погребище', 1),
(280, 'Подволочиск', 20),
(281, 'Подгайцы', 20),
(282, 'Подгородное', 3),
(283, 'Пологи', 8),
(284, 'Полонное', 24),
(285, 'Полтава', 17),
(286, 'Попасная', 12),
(287, 'Почаев', 20),
(288, 'Приволье', 12),
(289, 'Прилуки', 26),
(290, 'Приморск', 8),
(291, 'Припять', 10),
(292, 'Пустомыты', 14),
(293, 'Путивль', 19),
(294, 'Пятихатки', 3),
(295, 'Рава-Русская', 14),
(296, 'Радехов', 14),
(297, 'Радивилов', 18),
(298, 'Радомышль', 6),
(299, 'Рахов', 7),
(300, 'Ржищев', 10),
(301, 'Ровеньки', 12),
(302, 'Ровно', 18),
(303, 'Рогатин', 9),
(304, 'Рожище', 2),
(305, 'Ромны', 19),
(306, 'Рубежное', 12),
(307, 'Рудки', 14),
(308, 'Саки', 28),
(309, 'Самбор', 14),
(310, 'Сарны', 18),
(311, 'Свалява', 7),
(312, 'Сватово', 12),
(313, 'Свердловск', 12),
(314, 'Светловодск', 11),
(315, 'Севастополь', 28),
(316, 'Северодонецк', 12),
(317, 'Седнев', 26),
(318, 'Селидово', 4),
(319, 'Семёновка', 26),
(320, 'Середина-Буда', 19),
(321, 'Симферополь', 28),
(322, 'Синельниково', 3),
(323, 'Скадовск', 22),
(324, 'Скалат', 20),
(325, 'Сквира', 10),
(326, 'Сколе', 14),
(327, 'Славута', 24),
(328, 'Славутич', 10),
(329, 'Славянск', 4),
(330, 'Смела', 25),
(331, 'Снежное', 4),
(332, 'Снигирёвка', 15),
(333, 'Снятын', 9),
(334, 'Сокаль', 14),
(335, 'Сокиряны', 27),
(336, 'Соледар', 4),
(337, 'Старобельск', 12),
(338, 'Староконстантинов', 24),
(339, 'Старый Крым', 28),
(340, 'Старый Самбор', 14),
(341, 'Стаханов', 12),
(342, 'Сторожинец', 27),
(343, 'Стрый', 14),
(344, 'Судак', 28),
(345, 'Сумы', 19),
(346, 'Суходольск', 12),
(347, 'Счастье', 12),
(348, 'Таврийск', 22),
(349, 'Тальное', 25),
(350, 'Тараща', 10),
(351, 'Татарбунары', 16),
(352, 'Теплогорск', 12),
(353, 'Теплодар', 16),
(354, 'Теребовля', 20),
(355, 'Терновка', 3),
(356, 'Тернополь', 20),
(357, 'Тетиев', 10),
(358, 'Тлумач', 9),
(359, 'Токмак', 8),
(360, 'Торез', 4),
(361, 'Тростянец', 19),
(362, 'Трускавец', 14),
(363, 'Тульчин', 1),
(364, 'Тысменица', 9),
(365, 'Тячев', 7),
(366, 'Угледар', 4),
(367, 'Угнев', 14),
(368, 'Ужгород', 7),
(369, 'Узин', 10),
(370, 'Украинка', 10),
(371, 'Умань', 25),
(372, 'Устилуг', 2),
(373, 'Фастов', 10),
(374, 'Феодосия', 28),
(375, 'Харцызск', 4),
(376, 'Харьков', 21),
(377, 'Херсон', 22),
(378, 'Хмельник', 1),
(379, 'Хмельницкий', 24),
(380, 'Хорол', 17),
(381, 'Хотин', 27),
(382, 'Христиновка', 25),
(383, 'Хуст', 7),
(384, 'Хыров', 14),
(385, 'Цюрупинск', 22),
(386, 'Червоноград', 14),
(387, 'Червонозаводское', 17),
(388, 'Червонопартизанск', 12),
(389, 'Черкассы', 25),
(390, 'Чернигов', 26),
(391, 'Чернобыль', 10),
(392, 'Черновцы', 27),
(393, 'Чигирин', 25),
(394, 'Чоп', 7),
(395, 'Чортков', 20),
(396, 'Чугуев', 21),
(397, 'Шаргород', 1),
(398, 'Шахтёрск', 4),
(399, 'Шепетовка', 24),
(400, 'Шостка', 19),
(401, 'Шпола', 25),
(402, 'Шумск', 20),
(403, 'Щёлкино', 28),
(404, 'Щорс', 26),
(405, 'Энергодар', 8),
(406, 'Южное', 16),
(407, 'Южноукраинск', 15),
(408, 'Яворов', 14),
(409, 'Яготин', 10),
(410, 'Ялта', 28),
(411, 'Ямполь', 1),
(412, 'Яремче', 9),
(413, 'Ясиноватая', 4);

-- --------------------------------------------------------

--
-- Table structure for table `mail`
--

CREATE TABLE IF NOT EXISTS `mail` (
  `id` int(11) NOT NULL AUTO_INCREMENT,
  `mail_key` varchar(255) NOT NULL DEFAULT '0',
  `subject` varchar(255) NOT NULL,
  `text` text NOT NULL,
  PRIMARY KEY (`id`),
  KEY `mail_key` (`mail_key`)
) ENGINE=InnoDB  DEFAULT CHARSET=utf8 AUTO_INCREMENT=2 ;

--
-- Dumping data for table `mail`
--

INSERT INTO `mail` (`id`, `mail_key`, `subject`, `text`) VALUES
(1, 'user_confirm', 'Завершение регистрации на портале Maysters.com.ua', 'Уважаемый %user_fio%!\r\n\r\nСпасибо за регистрацию на нашем портале.\r\n\r\nДля входа используйте следующие данные:\r\nЛогин: %user_phone% или %user_email%\r\nПароль: %tmp_pass%\r\nВы можете сменить Ваш пароль в любое время в Личном кабинете.\r\n\r\nДля завершения регистрации на портале Вам необходимо перейти по указанной ниже ссылке:\r\n<a href="%link%" title="Завершить регистрацию">Завершить регистрацию</a>\r\n\r\nС уважением,\r\nкоманда Maysters');

-- --------------------------------------------------------

--
-- Table structure for table `master`
--

CREATE TABLE IF NOT EXISTS `master` (
  `id` int(11) NOT NULL AUTO_INCREMENT,
  `master_user_id` int(20) NOT NULL DEFAULT '0',
  `comment` text NOT NULL,
  `organization` varchar(255) NOT NULL,
  `from_time` varchar(20) NOT NULL DEFAULT '' COMMENT 'Время работы мастера с',
  `to_time` varchar(20) NOT NULL DEFAULT '' COMMENT 'Время работы мастера по',
  `email_confirm` int(2) NOT NULL DEFAULT '0',
  `approved` int(2) NOT NULL DEFAULT '0',
  PRIMARY KEY (`id`),
  KEY `master_user_id` (`master_user_id`)
) ENGINE=InnoDB DEFAULT CHARSET=utf8 AUTO_INCREMENT=1 ;

-- --------------------------------------------------------

--
-- Table structure for table `master2service`
--

CREATE TABLE IF NOT EXISTS `master2service` (
  `id` int(11) NOT NULL AUTO_INCREMENT,
  `master_user_id` int(20) NOT NULL DEFAULT '0',
  `service_type_id` int(20) NOT NULL DEFAULT '0',
  `product_id` int(20) NOT NULL DEFAULT '0',
  `service_id` int(20) NOT NULL DEFAULT '0',
  PRIMARY KEY (`id`),
  KEY `master_user_id` (`master_user_id`),
  KEY `service_type_id` (`service_type_id`),
  KEY `product_id` (`product_id`),
  KEY `service_id` (`service_id`)
) ENGINE=InnoDB DEFAULT CHARSET=utf8 AUTO_INCREMENT=1 ;

-- --------------------------------------------------------

--
-- Table structure for table `owner`
--

CREATE TABLE IF NOT EXISTS `owner` (
  `id` int(11) NOT NULL AUTO_INCREMENT,
  `name` varchar(255) DEFAULT NULL,
  KEY `id` (`id`)
) ENGINE=InnoDB  DEFAULT CHARSET=utf8 AUTO_INCREMENT=5 ;

--
-- Dumping data for table `owner`
--

INSERT INTO `owner` (`id`, `name`) VALUES
(1, 'Maysters'),
(2, 'АЛЛО'),
(3, 'Palladium'),
(4, 'Fotos');

-- --------------------------------------------------------

--
-- Table structure for table `product`
--

CREATE TABLE IF NOT EXISTS `product` (
  `id` int(11) NOT NULL AUTO_INCREMENT,
  `name` varchar(255) NOT NULL DEFAULT '',
  `product_type_id` varchar(255) NOT NULL DEFAULT '' COMMENT 'Значение из 1С',
  PRIMARY KEY (`id`)
) ENGINE=InnoDB  DEFAULT CHARSET=utf8 COMMENT='Продукты (техника)' AUTO_INCREMENT=17 ;

--
-- Dumping data for table `product`
--

INSERT INTO `product` (`id`, `name`, `product_type_id`) VALUES
(1, 'GPS навигатор', '1092'),
(2, 'Варочная панель электрическая', '1598'),
(3, 'Водонагреватель накопительный', '1152'),
(4, 'Вытяжка', '1067'),
(5, 'Духовой шкаф электрический ', '1269'),
(6, 'Кондиционер', '81'),
(7, 'Мобильный телефон', '902'),
(8, 'Настольный компьютер', '851'),
(9, 'Ноутбук', '1037'),
(10, 'Планшетный компьютер', '1854'),
(11, 'Посудомоечная машина', '603'),
(12, 'Смартфон', '1838'),
(13, 'Стиральная машина встраиваемая', '1263'),
(14, 'Телевизор плоскопанельный', '1887'),
(15, 'Фотокамера', '522'),
(16, 'Холодильник', '51');

-- --------------------------------------------------------

--
-- Table structure for table `product2service`
--

CREATE TABLE IF NOT EXISTS `product2service` (
  `id` int(11) NOT NULL AUTO_INCREMENT,
  `product_id` int(11) NOT NULL DEFAULT '0',
  `service_id` int(11) NOT NULL DEFAULT '0',
  PRIMARY KEY (`id`),
  KEY `product_id` (`product_id`),
  KEY `service_id` (`service_id`)
) ENGINE=InnoDB  DEFAULT CHARSET=utf8 COMMENT='Привязка продукта (техники) к услуге' AUTO_INCREMENT=125 ;

--
-- Dumping data for table `product2service`
--

INSERT INTO `product2service` (`id`, `product_id`, `service_id`) VALUES
(1, 1, 44),
(3, 2, 15),
(4, 2, 16),
(5, 3, 9),
(6, 3, 10),
(7, 3, 11),
(8, 4, 7),
(9, 4, 8),
(10, 5, 12),
(11, 5, 13),
(12, 6, 17),
(13, 6, 18),
(14, 6, 19),
(15, 6, 20),
(16, 6, 21),
(17, 6, 22),
(18, 6, 23),
(19, 6, 24),
(20, 6, 25),
(21, 6, 26),
(22, 6, 27),
(23, 6, 28),
(24, 6, 29),
(25, 6, 30),
(26, 7, 50),
(30, 8, 45),
(31, 8, 46),
(32, 8, 54),
(36, 9, 45),
(37, 9, 46),
(38, 9, 51),
(39, 9, 54),
(40, 10, 52),
(41, 10, 53),
(42, 10, 60),
(43, 10, 61),
(44, 11, 31),
(45, 11, 32),
(46, 11, 35),
(47, 11, 36),
(48, 12, 43),
(49, 12, 55),
(50, 12, 56),
(51, 12, 60),
(52, 12, 61),
(53, 13, 33),
(54, 13, 34),
(55, 14, 4),
(56, 14, 5),
(57, 14, 6),
(58, 14, 47),
(59, 14, 48),
(60, 14, 49),
(61, 14, 57),
(62, 14, 58),
(63, 15, 59),
(64, 16, 37),
(65, 16, 38),
(66, 16, 39),
(67, 16, 40),
(68, 16, 41),
(69, 16, 42),
(70, 6, 63),
(71, 9, 62),
(72, 13, 64),
(92, 1, 65),
(93, 2, 65),
(94, 3, 65),
(95, 4, 65),
(96, 5, 65),
(97, 6, 65),
(98, 7, 65),
(99, 8, 65),
(100, 9, 65),
(101, 10, 65),
(102, 11, 65),
(103, 12, 65),
(104, 13, 65),
(105, 14, 65),
(106, 15, 65),
(107, 16, 65),
(108, 8, 1),
(109, 9, 1),
(120, 8, 3),
(121, 9, 3),
(122, 8, 2),
(123, 9, 2),
(124, 2, 14);

-- --------------------------------------------------------

--
-- Table structure for table `question`
--

CREATE TABLE IF NOT EXISTS `question` (
  `id` int(11) NOT NULL AUTO_INCREMENT,
  `text` text,
  `disabled` int(2) NOT NULL,
  PRIMARY KEY (`id`)
) ENGINE=InnoDB  DEFAULT CHARSET=utf8 AUTO_INCREMENT=4 ;

--
-- Dumping data for table `question`
--

INSERT INTO `question` (`id`, `text`, `disabled`) VALUES
(1, 'Поставьте первую оценку', 0),
(2, 'Поставьте вторуюю оценку', 0),
(3, 'Поставьте тертью оценку', 0);

-- --------------------------------------------------------

--
-- Table structure for table `rate`
--

CREATE TABLE IF NOT EXISTS `rate` (
  `id` int(11) NOT NULL AUTO_INCREMENT,
  `request_id` int(11) NOT NULL DEFAULT '0',
  `question_id` varchar(50) NOT NULL DEFAULT '0',
  `value` text NOT NULL,
  `when` int(50) NOT NULL DEFAULT '0',
  PRIMARY KEY (`id`),
  KEY `request_id` (`request_id`),
  KEY `question_id` (`question_id`),
  KEY `when` (`when`)
) ENGINE=InnoDB DEFAULT CHARSET=utf8 AUTO_INCREMENT=1 ;

-- --------------------------------------------------------

--
-- Table structure for table `request`
--

CREATE TABLE IF NOT EXISTS `request` (
  `id` int(11) NOT NULL AUTO_INCREMENT,
  `user_id` int(11) NOT NULL DEFAULT '0',
  `city_id` int(11) NOT NULL DEFAULT '0',
  `address` text,
  `service_type_id` int(11) NOT NULL DEFAULT '0',
  `product_id` int(11) NOT NULL DEFAULT '0',
  `service_id` int(11) NOT NULL DEFAULT '0',
  `price` double(30,2) NOT NULL DEFAULT '0.00',
  `commission` int(10) NOT NULL DEFAULT '0',
  `brand_id` int(11) NOT NULL DEFAULT '0',
  `status_id` int(11) NOT NULL DEFAULT '0',
  `comment` text,
  `when` int(20) NOT NULL DEFAULT '0' COMMENT 'когда (unix time)',
  `runtime` int(20) NOT NULL DEFAULT '0',
  `owner_id` int(11) NOT NULL DEFAULT '0',
  `order_num` varchar(255) NOT NULL DEFAULT '0',
  `deleted` int(2) NOT NULL DEFAULT '0',
  PRIMARY KEY (`id`),
  KEY `user_id` (`user_id`),
  KEY `city_id` (`city_id`),
  KEY `service_id` (`service_id`),
  KEY `brand_id` (`brand_id`),
  KEY `status_id` (`status_id`),
  KEY `order_num` (`order_num`),
  KEY `deleted` (`deleted`),
  KEY `service_type_id` (`service_type_id`),
  KEY `product_id` (`product_id`),
  KEY `when` (`when`),
  KEY `owner_id` (`owner_id`),
  KEY `runtime` (`runtime`)
) ENGINE=InnoDB DEFAULT CHARSET=utf8 COMMENT='Заявки' AUTO_INCREMENT=1 ;

-- --------------------------------------------------------

--
-- Table structure for table `request2master`
--

CREATE TABLE IF NOT EXISTS `request2master` (
  `id` int(11) NOT NULL AUTO_INCREMENT,
  `request_id` int(11) NOT NULL DEFAULT '0',
  `master_user_id` int(11) NOT NULL DEFAULT '0' COMMENT 'user_id Мастера, назначенного на заявку',
  `by_user_id` int(11) NOT NULL DEFAULT '0' COMMENT 'user_id того, кто назначил',
  `when` int(20) NOT NULL DEFAULT '0' COMMENT 'когда (unix time)',
  PRIMARY KEY (`id`),
  KEY `request_id` (`request_id`),
  KEY `master_user_id` (`master_user_id`),
  KEY `by_user_id` (`by_user_id`),
  KEY `time_` (`when`)
) ENGINE=InnoDB DEFAULT CHARSET=utf8 COMMENT='Привязка заявок к мастерам' AUTO_INCREMENT=1 ;

-- --------------------------------------------------------

--
-- Table structure for table `request_history`
--

CREATE TABLE IF NOT EXISTS `request_history` (
  `id` int(11) NOT NULL AUTO_INCREMENT,
  `request_id` int(11) NOT NULL DEFAULT '0',
  `status_id` int(11) NOT NULL DEFAULT '0',
  `user_id` int(11) NOT NULL DEFAULT '0',
  `when` int(20) NOT NULL DEFAULT '0',
  PRIMARY KEY (`id`),
  KEY `request_id` (`request_id`),
  KEY `status_id` (`status_id`),
  KEY `user_id` (`user_id`),
  KEY `when` (`when`)
) ENGINE=InnoDB DEFAULT CHARSET=utf8 AUTO_INCREMENT=1 ;

-- --------------------------------------------------------

--
-- Table structure for table `role`
--

CREATE TABLE IF NOT EXISTS `role` (
  `id` int(11) NOT NULL AUTO_INCREMENT,
  `name` varchar(255) NOT NULL,
  PRIMARY KEY (`id`)
) ENGINE=InnoDB  DEFAULT CHARSET=utf8 COMMENT='Роли' AUTO_INCREMENT=6 ;

--
-- Dumping data for table `role`
--

INSERT INTO `role` (`id`, `name`) VALUES
(1, 'Системный администратор'),
(2, 'Администратор'),
(3, 'Диспетчер'),
(4, 'Мастер'),
(5, 'Клиент');

-- --------------------------------------------------------

--
-- Table structure for table `service`
--

CREATE TABLE IF NOT EXISTS `service` (
  `id` int(11) NOT NULL AUTO_INCREMENT,
  `name` varchar(255) NOT NULL DEFAULT '',
  `service_ext_id` varchar(255) NOT NULL DEFAULT '0' COMMENT 'Значения из 1С',
  `service_type_id` int(11) NOT NULL DEFAULT '0',
  `price` double(30,2) NOT NULL DEFAULT '0.00',
  `commission` int(10) NOT NULL DEFAULT '0',
  `is_active` int(2) NOT NULL DEFAULT '0',
  `timing` int(11) NOT NULL DEFAULT '0',
  PRIMARY KEY (`id`),
  KEY `is_active` (`is_active`),
  KEY `service_type_id` (`service_type_id`)
) ENGINE=InnoDB  DEFAULT CHARSET=utf8 COMMENT='Услуги' AUTO_INCREMENT=66 ;

--
-- Dumping data for table `service`
--

INSERT INTO `service` (`id`, `name`, `service_ext_id`, `service_type_id`, `price`, `commission`, `is_active`, `timing`) VALUES
(1, 'Антивірусна допомога', '0008652', 2, 1.00, 0, 1, 0),
(2, 'Встан пакету програм та ств сист диску', '0008651', 2, 120.00, 20, 1, 0),
(3, 'Встан та оновлення операційної системи', '0008653', 2, 150.00, 3, 1, 0),
(4, 'Встановлення TV  максимальний', '0008368', 1, 1.00, 0, 1, 120),
(5, 'Встановлення TV  оптимальний', '0008367', 1, 1.00, 0, 1, 90),
(6, 'Встановлення TV  стандарт', '0008366', 1, 1.00, 0, 1, 60),
(7, 'Встановлення витяжки оптимальний', '0008353', 1, 1.00, 0, 1, 0),
(8, 'Встановлення витяжки стандарт', '0008352', 1, 1.00, 0, 1, 0),
(9, 'Встановлення водонагрівача Експрес', '0008403', 1, 1.00, 0, 1, 0),
(10, 'Встановлення водонагрівача з матеріалами та дод. роботами', '0008416', 1, 1.00, 0, 1, 0),
(11, 'Встановлення водонагрівача стандарт', '0008350', 1, 1.00, 0, 1, 0),
(12, 'Встановлення ел духовки оптимальний', '0008363', 1, 1.00, 0, 1, 0),
(13, 'Встановлення ел духовки стандарт', '0008362', 1, 1.00, 0, 1, 0),
(14, 'Встановлення ел поверхні оптимальний', '0008365', 1, 120.00, 6, 1, 0),
(15, 'Встановлення ел. духовки та поверхні', '0008305', 1, 1.00, 0, 1, 0),
(16, 'Встановлення ел. поверхні стандарт', '0008364', 1, 1.00, 0, 1, 0),
(17, 'Встановлення кондиціонера 07-09  експрес', '0008380', 1, 1.00, 0, 1, 0),
(18, 'Встановлення кондиціонера 07-09 стандарт', '0008372', 1, 1.00, 0, 1, 0),
(19, 'Встановлення кондиціонера 12 експрес', '0008381', 1, 1.00, 0, 1, 0),
(20, 'Встановлення кондиціонера 12 оптимальний', '0008377', 1, 1.00, 0, 1, 0),
(21, 'Встановлення кондиціонера 12 стандарт', '0008373', 1, 1.00, 0, 1, 0),
(22, 'Встановлення кондиціонера 18  експрес', '0008382', 1, 1.00, 0, 1, 0),
(23, 'Встановлення кондиціонера 18 оптимальний', '0008378', 1, 1.00, 0, 1, 0),
(24, 'Встановлення кондиціонера 18 стандарт', '0008374', 1, 1.00, 0, 1, 0),
(25, 'Встановлення кондиціонера 24 експрес', '0008383', 1, 1.00, 0, 1, 0),
(26, 'Встановлення кондиціонера 24 оптимальний', '0008379', 1, 1.00, 0, 1, 0),
(27, 'Встановлення кондиціонера 24 стандарт', '0008375', 1, 1.00, 0, 1, 0),
(28, 'Встановлення кондиціонера 7-9 оптим експр', '0008384', 1, 1.00, 0, 1, 0),
(29, 'Встановлення кондиціонера 7-9 оптимальний', '0008376', 1, 1.00, 0, 1, 0),
(30, 'Встановлення кондиціонера на готову трасу', '0008415', 1, 1.00, 0, 1, 0),
(31, 'Встановлення посуд. машини оптимальний', '0008357', 1, 1.00, 0, 1, 0),
(32, 'Встановлення посуд. машини стандарт', '0008356', 1, 1.00, 0, 1, 0),
(33, 'Встановлення прал. машини оптимальний', '0008355', 1, 1.00, 0, 1, 0),
(34, 'Встановлення прал. машини стандарт', '0008354', 1, 1.00, 0, 1, 0),
(35, 'Встановлення прал. та посуд. машини з матеріалами та дод. роботами', '0008412', 1, 1.00, 0, 1, 0),
(36, 'Встановлення прал. та посуд. машини оптим. з матеріалами та дод. роботами', '0008410', 1, 1.00, 0, 1, 0),
(37, 'Встановлення холодильника SBS оптимальний', '0008358', 1, 1.00, 0, 1, 0),
(38, 'Встановлення холодильника SBS стандарт', '0008395', 1, 1.00, 0, 1, 0),
(39, 'Встановлення холодильника максимальний', '0008361', 1, 1.00, 0, 1, 0),
(40, 'Встановлення холодильника оптимальний', '0008360', 1, 1.00, 0, 1, 0),
(41, 'Встановлення холодильника стандарт', '0008359', 1, 1.00, 0, 1, 0),
(42, 'Встановлення холодильника та перевішування дверей', '0008396', 1, 1.00, 0, 1, 0),
(43, 'Наклеювання захисної плівки на смартфон', '0008608', 2, 1.00, 0, 1, 0),
(44, 'Налашт або оновлення моб навігації', '0008606', 2, 1.00, 0, 1, 0),
(45, 'Налашт ноутбуку/ПК Оптимальний', '0008641', 2, 1.00, 0, 1, 0),
(46, 'Налашт. ноутбуку/ПК Максимум', '0008642', 2, 1.00, 0, 1, 0),
(47, 'Налаштування Smart TV ПЛЮС', '0008661', 2, 1.00, 0, 1, 0),
(48, 'Налаштування Smart TV ПРЕМИУМ', '0004022', 2, 1.00, 0, 1, 0),
(49, 'Налаштування домашньої мережі', '0008522', 2, 1.00, 0, 1, 0),
(50, 'Налаштування мобільних телефонів', '0008511', 2, 1.00, 0, 1, 0),
(51, 'Налаштування Ноутбука або ПК', '0008538', 2, 1.00, 0, 1, 0),
(52, 'Налаштування планшетного ПК МАКСИМУМ', '0008624', 2, 1.00, 0, 1, 0),
(53, 'Налаштування планшетного ПК СТАНДАРТ', '0008622', 2, 1.00, 0, 1, 0),
(54, 'Налаштування роутеру у Вас вдома', '0008656', 2, 1.00, 0, 1, 0),
(55, 'Налаштування смартфону МАКСИМУМ', '0008604', 2, 1.00, 0, 1, 0),
(56, 'Налаштування смартфону СТАНДАРТ', '0008602', 2, 1.00, 0, 1, 0),
(57, 'Налаштування спутникового ТБ МАКСИМУМ', '0004029', 2, 1.00, 0, 1, 0),
(58, 'Налаштування спутникового ТБ СТАНДАРТ', '0004028', 2, 1.00, 0, 1, 0),
(59, 'Налаштування фото/медіа пристрою', '0008639', 2, 1.00, 0, 1, 0),
(60, 'Перенесення контактів', '0008611', 2, 1.00, 0, 1, 0),
(61, 'Підготовка MicroSIM', '0008610', 2, 1.00, 0, 1, 0),
(62, 'Профилактика ПК', '0008553', 3, 1.00, 0, 1, 0),
(63, 'Профилактика кондиционеров', '0008701', 3, 1.00, 0, 1, 0),
(64, 'Профилактика стиральных машин', '0008700', 3, 1.00, 0, 1, 0),
(65, 'Ремонт', '0000010', 4, 1.00, 0, 1, 0);

-- --------------------------------------------------------

--
-- Table structure for table `service_type`
--

CREATE TABLE IF NOT EXISTS `service_type` (
  `id` int(11) NOT NULL AUTO_INCREMENT,
  `name` varchar(255) NOT NULL DEFAULT '',
  `name_ext` varchar(255) NOT NULL DEFAULT '',
  `id_ext` varchar(255) NOT NULL DEFAULT '',
  PRIMARY KEY (`id`)
) ENGINE=InnoDB  DEFAULT CHARSET=utf8 COMMENT='Типы услуг (верхний уровень)' AUTO_INCREMENT=5 ;

--
-- Dumping data for table `service_type`
--

INSERT INTO `service_type` (`id`, `name`, `name_ext`, `id_ext`) VALUES
(1, 'Установка', 'Установки', '000000002'),
(2, 'IT сервисы', 'IT Сервисы', '000000003'),
(3, 'Профилактика', 'Профилактика (разовая)', '000000006'),
(4, 'Ремонт', 'Ремонт \\ сервис', '000000004');

-- --------------------------------------------------------

--
-- Table structure for table `service_type2product`
--

CREATE TABLE IF NOT EXISTS `service_type2product` (
  `id` int(11) NOT NULL AUTO_INCREMENT,
  `service_type_id` int(11) NOT NULL DEFAULT '0',
  `product_id` int(11) NOT NULL DEFAULT '0',
  PRIMARY KEY (`id`),
  KEY `service_type_id` (`service_type_id`),
  KEY `product_id` (`product_id`)
) ENGINE=InnoDB  DEFAULT CHARSET=utf8 COMMENT='Привязка продуктов (техники) к типам услуг' AUTO_INCREMENT=54 ;

--
-- Dumping data for table `service_type2product`
--

INSERT INTO `service_type2product` (`id`, `service_type_id`, `product_id`) VALUES
(2, 1, 2),
(3, 1, 3),
(4, 1, 4),
(5, 1, 5),
(6, 1, 6),
(7, 2, 7),
(8, 2, 8),
(9, 2, 9),
(10, 2, 10),
(11, 1, 11),
(12, 2, 12),
(13, 1, 13),
(14, 1, 14),
(15, 2, 14),
(16, 2, 15),
(17, 1, 16),
(18, 3, 6),
(19, 3, 9),
(20, 3, 13),
(22, 4, 2),
(23, 4, 3),
(24, 4, 4),
(25, 4, 5),
(26, 4, 6),
(27, 4, 7),
(28, 4, 8),
(29, 4, 9),
(30, 4, 10),
(31, 4, 11),
(32, 4, 12),
(33, 4, 13),
(34, 4, 14),
(35, 4, 15),
(36, 4, 16),
(52, 2, 1),
(53, 4, 1);

-- --------------------------------------------------------

--
-- Table structure for table `session`
--

CREATE TABLE IF NOT EXISTS `session` (
  `id` int(11) NOT NULL AUTO_INCREMENT,
  `user_id` int(11) NOT NULL DEFAULT '0',
  `session_key` varchar(255) NOT NULL,
  `ip` varchar(255) NOT NULL,
  `s_start` int(20) NOT NULL DEFAULT '0',
  `s_end` int(20) NOT NULL DEFAULT '0',
  PRIMARY KEY (`id`),
  KEY `user_id` (`user_id`),
  KEY `s_start` (`s_start`),
  KEY `s_end` (`s_end`)
) ENGINE=InnoDB  DEFAULT CHARSET=utf8 COMMENT='Сессии в системе' AUTO_INCREMENT=3 ;

--
-- Dumping data for table `session`
--

INSERT INTO `session` (`id`, `user_id`, `session_key`, `ip`, `s_start`, `s_end`) VALUES
(1, 1, 'i2sbjt0bif26i3avcrg5ds4vh0', '127.0.0.1', 1449667637, 1449668589),
(2, 1, 'i2sbjt0bif26i3avcrg5ds4vh0', '127.0.0.1', 1449668627, 0);

-- --------------------------------------------------------

--
-- Table structure for table `settings`
--

CREATE TABLE IF NOT EXISTS `settings` (
  `id` int(11) NOT NULL AUTO_INCREMENT,
  `chapter_id` int(11) NOT NULL DEFAULT '0',
  `key` varchar(255) NOT NULL,
  `name` varchar(255) NOT NULL,
  `val` text NOT NULL,
  `type` text NOT NULL,
  PRIMARY KEY (`id`),
  KEY `key` (`key`),
  KEY `chapter_id` (`chapter_id`)
) ENGINE=InnoDB  DEFAULT CHARSET=utf8 COMMENT='Настройки в системе, содержит пары "ключ - значение"' AUTO_INCREMENT=21 ;

--
-- Dumping data for table `settings`
--

INSERT INTO `settings` (`id`, `chapter_id`, `key`, `name`, `val`, `type`) VALUES
(1, 1, 'request_before_time', 'Зарезервированное время до заявки, м', '30', 'text'),
(2, 1, 'request_after_time', 'Зарезервированное время после заявки, м', '30', 'text'),
(3, 2, 'soap_enabled', 'Включить SOAP-сервис', '0', 'bool'),
(4, 2, 'soap_url', 'Адрес SOAP-сервиса', 'https://195.216.248.29:8445/USC_WORK/ws/Webshop.1cws?wsdl', 'longtext'),
(5, 2, 'soap_user', 'Пользователь SOAP', 'Maysters', 'text'),
(6, 2, 'soap_password', 'Пароль SOAP', 'Bd5VXuaVUX3Y', 'password'),
(7, 4, 'mail_enabled', 'Отправлять почту', '1', 'bool'),
(8, 4, 'mail_smtp', 'SMTP-сервер', '', 'text'),
(9, 4, 'mail_smtp_protocol', 'SMTP протокол', 'Нет', 'Нет~//~SSL~//~TLS'),
(10, 4, 'mail_smtp_login', 'SMTP логин', 'lobachevvk@maysters.com.ua', 'text'),
(11, 4, 'mail_smtp_password', 'SMTP пароль', 'Ktrenvd64', 'password'),
(12, 4, 'mail_address', 'Адрес для отправки писем', 'lobachevvk@maysters.com.ua', 'text'),
(13, 5, 'sms_enabled', 'Включить отправку SMS', '0', 'bool'),
(14, 5, 'sms_alfa_name', 'Альфа имя', '', 'text'),
(15, 5, 'sms_api_url', 'Адрес API', '', 'longtext'),
(16, 3, 'curl_enabled', 'Включить отправку данных по CURL', '1', 'bool'),
(17, 3, 'curl_url', 'Адрес CURL', 'http://nobodycares.pp.ua/tmp/make_save.php', 'longtext'),
(18, 0, 'template_name', 'Шаблон сайта', 'maysters', ''),
(19, 1, 'request_update_interval', 'Интервал поиска новых заявок в БД, м', '0.1', 'text'),
(20, 4, 'mail_token_expired', 'Срок подтверждения email, мин', '60', 'text');

-- --------------------------------------------------------

--
-- Table structure for table `settings_chapter`
--

CREATE TABLE IF NOT EXISTS `settings_chapter` (
  `id` int(11) NOT NULL AUTO_INCREMENT,
  `name` varchar(255) NOT NULL,
  PRIMARY KEY (`id`)
) ENGINE=InnoDB  DEFAULT CHARSET=utf8 AUTO_INCREMENT=6 ;

--
-- Dumping data for table `settings_chapter`
--

INSERT INTO `settings_chapter` (`id`, `name`) VALUES
(1, 'Заявки'),
(2, 'SOAP'),
(3, 'CURL'),
(4, 'E-mail'),
(5, 'SMS');

-- --------------------------------------------------------

--
-- Table structure for table `state`
--

CREATE TABLE IF NOT EXISTS `state` (
  `id` int(11) NOT NULL AUTO_INCREMENT,
  `name` varchar(255) NOT NULL,
  KEY `id` (`id`)
) ENGINE=InnoDB  DEFAULT CHARSET=utf8 COMMENT='Области' AUTO_INCREMENT=29 ;

--
-- Dumping data for table `state`
--

INSERT INTO `state` (`id`, `name`) VALUES
(1, 'Винницкая область'),
(2, 'Волынская область'),
(3, 'Днепропетровская область'),
(4, 'Донецкая область'),
(5, 'Донецкая область'),
(6, 'Житомирская область'),
(7, 'Закарпатская область'),
(8, 'Запорожская область'),
(9, 'Ивано-Франковская область'),
(10, 'Киевская область'),
(11, 'Кировоградская область'),
(12, 'Луганская область'),
(13, 'Луганская область'),
(14, 'Львовская область'),
(15, 'Николаевская область'),
(16, 'Одесская область'),
(17, 'Полтавская область'),
(18, 'Ровненская область'),
(19, 'Сумская область'),
(20, 'Тернопольская область'),
(21, 'Харьковская область'),
(22, 'Херсонская область'),
(23, 'Херсонская область'),
(24, 'Хмельницкая область'),
(25, 'Черкасская область'),
(26, 'Черниговская область'),
(27, 'Черновицкая область'),
(28, 'Автономная Республика Крым');

-- --------------------------------------------------------

--
-- Table structure for table `status`
--

CREATE TABLE IF NOT EXISTS `status` (
  `id` int(11) NOT NULL AUTO_INCREMENT,
  `name` varchar(255) NOT NULL,
  `name_ext` varchar(255) NOT NULL,
  `type` int(11) NOT NULL DEFAULT '0' COMMENT 'Тип статуса: 0 - обычный, 1 - форс-мажор',
  PRIMARY KEY (`id`)
) ENGINE=InnoDB  DEFAULT CHARSET=utf8 COMMENT='Статусы заявки' AUTO_INCREMENT=12 ;

--
-- Dumping data for table `status`
--

INSERT INTO `status` (`id`, `name`, `name_ext`, `type`) VALUES
(1, 'Заявка создана', 'Открыт', 0),
(2, 'Заявка передана мастеру', 'Передано в СЦ', 0),
(3, 'Назначен выезд мастера', 'Выезд назначен', 0),
(4, 'Заявка выполнена мастером', 'Выполнен', 0),
(5, 'Заявка закрыта', 'Закрыт', 0),
(6, 'Заявка создана', 'Ожидается оплата', 1),
(7, 'Заявка отложена', 'Отложено', 1),
(8, 'Заявка приостановлена', 'Отложено Клиентом', 1),
(9, 'Заявка отменена', 'Отмена заказчиком', 1),
(10, 'Заявка создана', 'Согласование', 1),
(11, 'Заявка удалена', 'Удален', 1);

-- --------------------------------------------------------

--
-- Table structure for table `user`
--

CREATE TABLE IF NOT EXISTS `user` (
  `id` int(11) NOT NULL AUTO_INCREMENT,
  `fio` varchar(255) DEFAULT NULL,
  `email` varchar(255) DEFAULT NULL,
  `phone_code` varchar(10) NOT NULL,
  `phone` varchar(50) NOT NULL,
  `password` varchar(255) DEFAULT NULL,
  `salt` varchar(255) DEFAULT NULL,
  `city_id` int(11) NOT NULL DEFAULT '0',
  `owner_id` int(11) NOT NULL DEFAULT '0',
  `reg_date` int(20) NOT NULL DEFAULT '0',
  `role_id` int(2) NOT NULL DEFAULT '5' COMMENT 'По умолчанию роль - Клиент',
  `is_registered` int(2) NOT NULL DEFAULT '0',
  `deleted` int(2) NOT NULL DEFAULT '0',
  `notify` int(2) NOT NULL DEFAULT '0',
  PRIMARY KEY (`id`),
  KEY `email` (`email`),
  KEY `phone` (`phone`),
  KEY `is_registered` (`is_registered`),
  KEY `reg_date` (`reg_date`),
  KEY `role_id` (`role_id`),
  KEY `deleted` (`deleted`),
  KEY `owner_id` (`owner_id`),
  KEY `city_id` (`city_id`),
  KEY `notify` (`notify`)
) ENGINE=InnoDB  DEFAULT CHARSET=utf8 COMMENT='Пользователи' AUTO_INCREMENT=6 ;

--
-- Dumping data for table `user`
--

INSERT INTO `user` (`id`, `fio`, `email`, `phone_code`, `phone`, `password`, `salt`, `city_id`, `owner_id`, `reg_date`, `role_id`, `is_registered`, `deleted`, `notify`) VALUES
(1, 'Vitaliy Timchenko', 'well@ua.fm', '+380', '676375301', '$2y$10$TEAYCJHfiuMSm1vFGXB6JuV9tt9pSwkzoQEsSHY2e27PQD1FI7Hsi', 'TEAYCJHfiuMSm1vFGXB6J8', 109, 1, 1449661717, 1, 1, 0, 1),
(2, 'Sergey Piven', 'pivensa@comfy.ua', '+380', '675437203', '$2y$10$sxi9E8Iv3a6uTKFihpf7iOW02TcfWY83V.11Hl//LVH0S4RbH9wxi', 'sxi9E8Iv3a6uTKFihpf7iT', 109, 1, 1449667707, 1, 1, 0, 0),
(3, 'Valentin Lobachev', 'lobachevvk@comfy.com.ua', '+380', '676115811', '$2y$10$R5VVMvK4T4o33T1AeRAabedkbTphccDcQ3RkiyjJea4IzxJIbUsXG', 'R5VVMvK4T4o33T1AeRAabj', 109, 1, 1449667764, 1, 1, 0, 0),
(4, 'Толстыгина Анна', 'maysters.dispatcher@yandex.ru', '+380', '670001104', '$2y$10$iNKf4TVXaSF5dr2JkHm92OGb9x/PdsPqA6jHYYd3X0bYpkE5v07ke', 'iNKf4TVXaSF5dr2JkHm92V', 109, 1, 1449667922, 3, 1, 0, 1),
(5, 'Мастер Йода', 'maysters.master@yandex.ru', '+380', '670001105', '$2y$10$sF7DprDYsMbyMpNh2nUog.WDFOewrB7hmwlPvaQTdMsmGQM2ixDxG', 'sF7DprDYsMbyMpNh2nUogJ', 109, 1, 1449668024, 4, 1, 0, 1);
